id,mult,full_cagr,full_dd,full_sharpe,full_final_inr,lf_cagr,lf_dd,last_yr,last_yr_lf,last_dd,liq
E0528,1.0,0.406198276588769,0.3736558677478235,1.1801535733063429,294339.1236954792,0.412781268871228,0.377282176825326,0.1698463695998981,0.1358621435985088,0.0886522357044887,0
E0528,1.25,0.5061205324145726,0.4467260262017457,1.1820925001648916,535877.2504554309,0.5119939275793022,0.4502318478762594,0.0244685543384048,0.1600431525960541,0.1584640903710407,0
E0528,1.5,0.6003732754586111,0.5150119207213213,1.1819389450769078,910240.3868345348,0.6069848718285094,0.5158850224912728,0.3055732096303152,0.1801514321359496,0.1288913551747985,0
E0528,1.75,0.691425020212781,0.5740993132330925,1.1850684012928252,1475397.8020362651,0.6964301728684978,0.5748201383654182,0.2245309124732672,0.1961704359406384,0.1672252671879326,0
E0528,2.0,0.7744956566903194,0.6271948402540539,1.1870688032006829,2242078.39848776,0.7790418677673825,0.6275869082067468,0.3147663579287814,0.2081166338089797,0.2265256519890636,0
E0528,2.5,0.9153838926658676,0.7164815342737139,1.1907939044887204,4367797.617750268,0.918947892580257,0.7166679029901042,0.3574791718296974,0.2200105978215958,0.2624606373787458,0
E0528,3.0,1.0140390380102828,0.7868708594072896,1.193272953748305,6770861.972225356,1.01805600347845,0.786938882990774,0.4564439605927051,0.2165486327816739,0.3455167507636677,0
E0543,1.0,0.529626480070641,0.3099997032319461,1.4157645009233433,613435.2401716443,0.5386418923566181,0.3124919541397226,-0.0965903089319517,0.0527586575061616,0.2151921861151231,0
E0543,1.25,0.6814517038206618,0.3778770565544848,1.4240130011925125,1401173.318241696,0.6845582031293389,0.3788052046697215,0.0580667788703201,0.0539718017049966,0.1956410252423785,0
E0543,1.5,0.828728000986485,0.4402878823885131,1.4243779288454117,2915853.455331178,0.8319487404763892,0.4404807684318162,0.0938821425631382,0.0502267605176101,0.2425523984369677,0
E0543,1.75,0.9734106724134968,0.4974707652141633,1.4252015179894248,5667547.821100774,0.9789415529557146,0.4976223262090457,0.0086084815965232,0.041532773986513,0.3290389743330896,0
E0543,2.0,1.123374025914175,0.5502014520820122,1.4320422030749238,10740708.352516048,1.123491666724862,0.550361244049145,0.0589736404846736,0.0279520303619664,0.3671516614038127,0
E0543,2.5,1.391373512623403,0.6432128888678597,1.4348336404786664,30310570.60590962,1.396305495241493,0.6432697055859238,-0.1000370250437481,-0.0133603573688415,0.5104486404928594,0
E0543,3.0,1.6227950218451397,0.7206438420216743,1.438979019284886,67880572.1390546,1.631632824085009,0.720653009090925,-0.2153082773656184,-0.0722088474458564,0.605395321547406,0
E0449,1.0,0.4613820046182937,0.6304425454427884,1.0310747207782625,411869.9866454105,0.4648300463349655,0.6352877464942079,-0.2452399791152996,-0.3818280589771333,0.3781834288300609,0
E0449,1.25,0.5653259116916267,0.7227247508467188,1.0445166706260944,750275.1603289718,0.5619856610816727,0.7240912486355222,-0.3715828183285347,-0.4682935397689088,0.5155238051246882,0
E0449,1.5,0.6465518720482364,0.7931765136526514,1.0475872319037314,1166772.6275291643,0.6458751400092604,0.7937469233641226,-0.4400386375724757,-0.5485976261643478,0.5757816522858312,0
E0449,1.75,0.7161332091851025,0.8475401757507559,1.0556097931381938,1674487.47685336,0.71389648969742,0.8477639864476246,-0.5789778572737263,-0.6219850514457095,0.6899513007301847,0
E0449,2.0,0.7652296789830741,0.8889547378905687,1.0624341698469302,2141929.4201187496,0.7637492907903867,0.8891559685088315,-0.5270095064847734,-0.6879920677494811,0.6794903712071217,0
E0449,2.5,0.8055378046820021,0.9437624621972224,1.0759187547786762,2608489.045456406,0.8017381669901913,0.9438608093001132,-0.6922208241417335,-0.7973250137428625,0.8166520485427095,0
E0449,3.0,-1.0,1.0,1.089039050548999,0.0,-1.0,1.0,-0.720182944359443,-1.0,0.8744801489114449,1
E0549,1.0,0.2645919152430867,0.3732493062865299,1.0118933151133966,116548.942362889,0.2681503218393624,0.4073859580213944,0.0367264498582624,-0.0554191502643752,0.0682787667463463,0
E0549,1.25,0.3238707468460486,0.4715996967987133,0.9988182445774096,173843.6565476098,0.3293651385651153,0.4848544341916667,-0.0785593546149204,-0.0761136014355062,0.2005454214850961,0
E0549,1.5,0.3835564223722487,0.5514069321131012,0.9986092021736844,255456.19304387408,0.3869504390627107,0.560749224908819,0.1900889622143398,-0.0991324346648695,0.150859769195895,0
E0549,1.75,0.4294195027101561,0.6270054277818018,0.9856396305499412,339573.1970873903,0.4402788929161565,0.6299603788722403,0.1439902474313479,-0.1242553454190752,0.1508940563273768,0
E0549,2.0,0.4830773790506748,0.6893141778285428,0.9927186920506432,468405.0280537606,0.4887522245839764,0.6912195128340994,0.0731053297915453,-0.1512572399975308,0.2540360030457277,0
E0549,2.5,0.5587273555095829,0.7896268903949345,0.9881884907467756,723115.2787611184,0.5689441217393016,0.7910124365260456,-0.0208192379056045,-0.2099872678855731,0.4068389235191779,0
E0549,3.0,0.6213647028236915,0.8633274716632335,0.9944864773465406,1019889.3792553184,0.6236650017862966,0.8638122559289221,-0.1178716350595076,-0.273509547448277,0.4870217832564804,0
E0550,1.0,0.2922077398698803,0.2576631976899964,1.2131589151317788,140733.14736627566,0.3060764262781896,0.265279263225691,0.1782836647053662,0.1584831821542125,0.0572929730929846,0
E0550,1.25,0.3690651987014401,0.3155991033627223,1.2079500079349426,233025.9577702349,0.3828708807933874,0.3215755265839516,0.2186615491579062,0.1938665551592191,0.0922521252185895,0
E0550,1.5,0.4490691517344374,0.3711142167491397,1.2154079670551097,382548.82003309566,0.4587919860099771,0.3742383425427836,0.1251970462183718,0.22733833606288,0.108795370019481,0
E0550,1.75,0.5261771144128511,0.421466554194428,1.217516075717958,601465.9341665122,0.5333165930727011,0.4234477986678405,0.3195073734271183,0.2588070657021113,0.1137507444091652,0
E0550,2.0,0.5973125782886837,0.4682845779039636,1.2138413637751722,895157.8051338737,0.6059116697259821,0.4693791157016358,0.3037719019867957,0.2881904937972483,0.1397500671819868,0
E0550,2.5,0.7350487518522948,0.5515764904072631,1.212029699694924,1842614.3748156163,0.7431649964290163,0.5520828689422588,0.5557284147167356,0.3404248892893819,0.193401977568387,0
E0550,3.0,0.8614862664771896,0.6234530378809436,1.2133142258200436,3404606.637683077,0.866281336716423,0.6236481582645682,0.6351028415624189,0.383588321579468,0.2323506171463588,0
E0551,1.0,0.2559169855687431,0.2924322146965147,1.0580379508775355,109752.7643402516,0.261040244892053,0.3107851321834916,-0.0341683526822128,-0.1043641033051633,0.0825343366553931,0
E0551,1.25,0.3193255016628371,0.363003859162648,1.053129093386996,168702.7089632605,0.3237625920382598,0.3775108030871841,0.1859086529783711,-0.1343484205616056,0.0731136061074625,0
E0551,1.5,0.3825469796403464,0.4269099038245432,1.0526882771206365,253833.9899769002,0.3844896069973518,0.4397523613304801,0.0826940364768935,-0.1654431126763765,0.239892014838277,0
E0551,1.75,0.4383934878672566,0.492558816898308,1.0483190578157218,358638.4757282624,0.442721798800181,0.4975473839704518,-0.0118019859312622,-0.197432868228555,0.2562292002058736,0
E0551,2.0,0.4974370679093352,0.5474240746243857,1.0535325181680333,509503.6891596067,0.4979636063919284,0.5509737660191218,-0.10863754653104,-0.2301092895573939,0.371063144105934,0
E0551,2.5,0.5987730512472385,0.6434300760008285,1.0576821010166146,902326.9299253612,0.5975501694001599,0.6452011815982522,-0.130593114191802,-0.2967320911245743,0.390407925141415,0
E0551,3.0,0.6799134499454316,0.7232685217821143,1.059224449530958,1390024.5021779889,0.6795957545980034,0.7236597776433371,-0.2501191371339042,-0.3638272340056691,0.5233190825981296,0
E0552,1.0,0.2693633780178397,0.3460028959981197,1.1085310001740014,120443.66824018562,0.2833469400885591,0.360160060798238,0.0282086046825751,-0.1306221869789041,0.0955388629719421,0
E0552,1.25,0.3493628234539163,0.4160759127490407,1.1302292106593246,205331.90960524,0.3534851663057474,0.4301976037320542,-0.0971060676314973,-0.1669317079061631,0.2256220694108928,0
E0552,1.5,0.4157381480267497,0.487617804693669,1.122290671647875,312232.02527899924,0.422347659679005,0.4934647548618286,-0.1785762680035946,-0.2040792557432033,0.3248768440814351,0
E0552,1.75,0.487721587296249,0.5482963206757534,1.1300339244154158,481363.6177796885,0.4894065637794733,0.5505149088358194,-0.0036183580344565,-0.2417823202535637,0.2998416608348104,0
E0552,2.0,0.5520683717120463,0.6006271566783765,1.1298135474512243,696592.8222889565,0.554125409496649,0.6018672152905024,-0.0927667198866533,-0.2797772570144056,0.3907301554683445,0
E0552,2.5,0.6751967615994134,0.6898111106580189,1.135282793345167,1356327.354086812,0.6743890174083638,0.6902784193285256,-0.242484811579552,-0.3556839747543551,0.5274086008417003,0
E0552,3.0,0.7771101198964769,0.7717352811045475,1.1362944761352425,2271075.871294956,0.7788997180040771,0.7719805900060119,-0.271846069480787,-0.4300785105271383,0.5711813529642168,0
E0553,1.0,0.2490062186412613,0.3519283850920567,1.0113485430705458,104592.27917435892,0.2559604565600899,0.3628809973027419,-0.0365053473903927,0.0278815724244738,0.0722596952057661,0
E0553,1.25,0.3057302442101199,0.4341880856114158,0.9997130327296858,154119.64439261548,0.3149411979040719,0.4381737567662016,0.1136648400271247,0.029057544014732,0.0759714835252493,0
E0553,1.5,0.3654130757778899,0.5012087639683465,1.0027894588938937,227655.8787876233,0.3707919797650898,0.5072031996035195,0.1157747495640331,0.0279806606148456,0.1340722753782003,0
E0553,1.75,0.4182785309169956,0.5670916278131135,1.0012252090937666,317156.2146233556,0.4229570217617717,0.5700792968260022,0.10147418065957,0.0247029968816168,0.1338372137105338,0
E0553,2.0,0.4664266310134264,0.6261033689064528,0.9994030179645532,424446.2795282533,0.4708962474324121,0.6269822345686165,-0.0163282172735177,0.01928667694737,0.2661484256718707,0
E0553,2.5,0.5503879116008759,0.7229994339581354,0.9995941451946146,690037.2885148266,0.5520595197825122,0.7238686221552294,-0.0435413614077975,0.0023320625459071,0.287107882940234,0
E0553,3.0,0.611093979374878,0.7998364005798068,0.9979542103188112,964860.327730188,0.6105501660801249,0.8002618849506112,0.0790162242892555,-0.0222137233617986,0.3473265353722534,0
E0554,1.0,0.2405806816726154,0.3446434978923716,0.984497179957196,98592.10201418644,0.2478665507726813,0.3707015293456684,0.0137969099134274,-0.063755277698839,0.0938039337444259,0
E0554,1.25,0.2946563120582357,0.4338447786728724,0.9701843566829068,143077.84505838444,0.3044551181798713,0.4502141327883067,0.0791060623200248,-0.0833518939873567,0.0884280527640813,0
E0554,1.5,0.3546203509575092,0.5152379632191837,0.9798541513382556,212420.8917634376,0.3578024501425756,0.5233299667727842,0.0196026192311169,-0.1041684831513839,0.1553834683314661,0
E0554,1.75,0.3999693420936465,0.5848548571291325,0.969986116954966,283151.9622434742,0.407380209671863,0.5898556445364758,-0.037262531363082,-0.1260816971805287,0.2002047947253349,0
E0554,2.0,0.4506180059309592,0.6461719813660317,0.9750347179472578,386132.5122932709,0.452681191828449,0.6497718987231917,-0.0310166562370932,-0.1489684488911385,0.2356687367128216,0
E0554,2.5,0.5250215434607257,0.7486407206247333,0.970261030123722,597502.6022459995,0.5285718874979866,0.7504046822665225,-0.1645372318623338,-0.1971755731645259,0.3492401829983256,0
E0554,3.0,0.5786337491109874,0.826770273313607,0.9676085193686932,807813.2947414872,0.5820876650636246,0.8275152156726058,-0.2119674385197566,-0.2478356829519774,0.4277057981089777,0
E0555,1.0,0.3072934263210203,0.2939576237560708,1.2349734716759744,155737.54561683378,0.3189224737713014,0.3087482448120737,0.0839645560962101,-0.0117973463266257,0.0690268902308252,0
E0555,1.25,0.3929675451854464,0.3701521162983078,1.2355382225565077,271027.60869657487,0.4000485852043629,0.3800417408555794,-0.0391243946763665,-0.0240040681141234,0.1683830474684613,0
E0555,1.5,0.4732411852740865,0.4455874594161728,1.2327678704620286,441974.4932081923,0.480663398350547,0.4476837544531615,-0.098956347432169,-0.0396100895596971,0.2504651516198241,0
E0555,1.75,0.5509988240701382,0.5109769955095192,1.228910895854638,692414.1321365323,0.5601823558103276,0.511240790783177,0.0117331231735462,-0.0584202135110082,0.2982679370356813,0
E0555,2.0,0.6328110082055447,0.569530988578902,1.2327769768525612,1084475.4438470418,0.6380015179703022,0.5704001081228194,-0.0033750171855613,-0.0802184576761074,0.3036372380312568,0
E0555,2.5,0.7839634277472911,0.6741219988248979,1.2349003625032065,2348669.3281282377,0.7860676631166346,0.6748394964817047,0.1477639758716087,-0.1318274794092204,0.3707293936158877,0
E0555,3.0,0.919117493837351,0.760379890408625,1.2347790916069086,4442672.452158805,0.9199028707821556,0.7606248107783615,-0.0001204026079775,-0.1924041518586252,0.4422621045846997,0
E0557,1.0,0.3971348779982422,0.410848942263786,1.1977306601289142,278187.13076254906,0.4092209951178871,0.4137241411048655,-0.0911185213900976,-0.1264309061758456,0.1968114649296081,0
E0557,1.25,0.5087251426433446,0.4867565515914689,1.2158069706521744,544020.1696292441,0.511983252676151,0.4907203728923367,-0.1754236157387565,-0.1663724415800379,0.2824065358570304,0
E0557,1.5,0.6118483062354929,0.5574835423729168,1.2207845412887992,968810.509528386,0.6125461231885807,0.5589347899922461,-0.127149536281605,-0.2084696698873035,0.3575975414602008,0
E0557,1.75,0.7087510492361178,0.6182414082365939,1.2220823559938774,1612652.6294834942,0.709621096754959,0.6191817129260128,-0.1118761680048355,-0.2521572531682282,0.3640825160385545,0
E0557,2.0,0.7980309011432916,0.6718659555098111,1.2220910584301312,2515334.7101954697,0.8019008388887128,0.6722257235024959,0.0828755563599155,-0.2968972162382129,0.3423197850228159,0
E0557,2.5,0.9615534393381212,0.7593680269180194,1.2285037039518651,5377128.925590996,0.9668935476400976,0.7595115465763156,-0.092939007208151,-0.3875837701976444,0.4910452608883793,0
E0557,3.0,1.0918914299392113,0.8258632063865816,1.235141260993194,9427781.457467318,1.0976273278851925,0.8259064585745444,-0.2712690842486741,-0.477076638204581,0.5988916997254494,0
E0558,1.0,0.4834168913492063,0.3358634639082398,1.4321730178386582,469341.7820144579,0.4913017754869395,0.3402317889721298,0.0454424765213041,0.0666665695036441,0.0936352018368454,0
E0558,1.25,0.617466512733782,0.4087405936449293,1.4311114437256225,998684.6998340404,0.623682051743319,0.4122732599499505,-0.0288530113144438,0.0771924512799717,0.1759600332905038,0
E0558,1.5,0.7570049861167076,0.4768113493244075,1.4378070653123876,2056374.6862556704,0.7575759485976372,0.4790148071082126,-0.1451334456732518,0.0851262925804356,0.2863384044845789,0
E0558,1.75,0.8865141281940663,0.5373661069375983,1.4327326656175474,3825541.047729525,0.8915847919635012,0.5405192294519596,0.0170618200906578,0.0904287607216156,0.2382444423980929,0
E0558,2.0,1.0237767642069966,0.5951986314851903,1.4362012059863116,7061992.4387600655,1.024193619462615,0.5968987608343234,-0.0229089463767411,0.093076281977922,0.2551079557599472,0
E0558,2.5,1.2779818611151397,0.6939049148126597,1.435962059463787,19835926.95170559,1.27869556989143,0.6949337633981669,0.1283230704177231,0.0903959705791963,0.2981123808806805,0
E0558,3.0,1.5022897096156955,0.7732835816149374,1.4351726526374358,45025158.00758679,1.5074450951975271,0.7747267912209569,0.1260550460430911,0.0772257334363339,0.3833706780902701,0
E0559,1.0,0.6277442479240383,0.5149417277471418,1.4102745164705508,1055452.612845481,0.6364430713980933,0.5163273080379498,0.17795373898087,0.0903389397776375,0.2819138134735237,0
E0559,1.25,0.8022871341607523,0.6059001545876099,1.4132544625314525,2567782.5415966525,0.8085830682253319,0.6063643567287116,0.0272361416784141,0.0736010384262937,0.4579344547221905,0
E0559,1.5,0.9738966803485044,0.6835017170287917,1.414038654255768,5679742.278969013,0.9805383114334892,0.6834822072364214,-0.1225074734859812,0.0398361794684423,0.5688681063807131,0
E0559,1.75,1.14405650985301,0.7489411805109352,1.4165756103996467,11688978.282583917,1.1487361221204622,0.7489837143638001,-0.1082723879523169,-0.010801936268287,0.6163958024202019,0
E0559,2.0,-1.0,1.0,1.215301406114154,0.0,-1.0,1.0,-1.0,-1.0,1.0,1
E0559,2.5,-1.0,1.0,1.2864963570280876,0.0,-1.0,1.0,-1.0,-1.0,1.0,1
E0559,3.0,-1.0,1.0,1.3333665208494172,0.0,-1.0,1.0,-1.0,-1.0,1.0,1
E0563,1.0,0.6103490545267256,0.6156366103613912,1.3841400683648857,960973.3836203718,0.6146840223184347,0.6167849249369048,-0.1073353766075548,-0.0840966267341661,0.4583306447167038,0
E0563,1.25,0.7790880742754125,0.7068010898471586,1.3847996284965567,2293233.850032485,0.7801325869730602,0.7071826087486681,-0.1243766857225415,-0.1409508251734729,0.5630181378760644,0
E0563,1.5,0.9424345987656916,0.7794024694057985,1.380550818848071,4936540.144381939,0.9449945716833944,0.7795075552117422,0.1235305551906926,-0.2097689435720889,0.5054467943703267,0
E0563,1.75,1.1029281725479103,0.8366618112089106,1.3775111105915965,9870887.567780476,1.1058606113579923,0.8367621118933949,-0.2412330016906698,-0.2884948917787311,0.6652617349779388,0
E0563,2.0,1.2541444408697688,0.881556517299114,1.3733104816408772,18095776.730260286,1.2587187691952306,0.8815832373703576,-0.0903764363145021,-0.3750162543201221,0.6976081768514786,0
E0563,2.5,-1.0,1.0,1.2965227590730288,0.0,-1.0,1.0,-1.0,-1.0,1.0,1
E0563,3.0,-1.0,1.0,1.337770676682589,0.0,-1.0,1.0,-1.0,-1.0,1.0,1
E0564,1.5,0.6376291811686332,0.4320850534573969,1.3629240321068143,1112727.5496085528,0.6422322355288601,0.4319955916347593,0.0938821425631382,0.0502267605176101,0.2425523984369677,0
E0564,1.75,0.7523416396181699,0.4877746961638651,1.3657886602264644,2009222.199220024,0.7556208995419047,0.4882118377544359,0.0086084815965232,0.041532773986513,0.3290389743330896,0
E0564,2.0,0.8657027170597016,0.5399203372449289,1.3677961261374512,3472509.190119107,0.8685668158515294,0.540298510559504,0.0589736404846736,0.0279520303619664,0.3671516614038127,0
E0564,2.25,0.9708044667495836,0.5883257231431558,1.3653734218146498,5602549.953553953,0.9800502307917952,0.588423047162623,-0.0202555317512095,0.0095995867356664,0.4546088303411836,0
E0564,2.5,1.0889460184217905,0.6327233067045291,1.3745972828646955,9312546.94159601,1.0890333892221529,0.6327598696113396,-0.1000370250437481,-0.0133603573688415,0.5104486404928594,0
E0564,3.0,1.29167329051333,0.710768269992925,1.3776008887156683,20901011.666463014,1.2952186644471926,0.710792004704351,-0.2153082773656184,-0.0722088474458564,0.605395321547406,0
E0565,1.5,0.7881237763434632,0.4404539603995402,1.4524705087632184,2396909.650282164,0.7902661252351193,0.4404807681897128,0.0938821425631382,0.0502267605176101,0.2425523984369677,0
E0565,1.75,0.9298576158025482,0.4973703710111566,1.452817748096285,4664434.855709228,0.9332342218527494,0.4976223257420243,0.0086084815965232,0.041532773986513,0.3290389743330896,0
E0565,2.0,1.0755128049446014,0.550236943400229,1.4570433081942122,8802653.586319838,1.075848612398426,0.5503612440086012,0.0589736404846736,0.0279520303619664,0.3671516614038127,0
E0565,2.25,1.2137388626390684,0.5987159618369303,1.456585911363074,15453028.623841638,1.216441362203701,0.5988523289568624,-0.0202555317512095,0.0095995867356664,0.4546088303411836,0
E0565,2.5,1.3497942075492275,0.643199672467839,1.4586305792897118,26007929.56359481,1.353281891695897,0.6432697055851825,-0.1000370250437481,-0.0133603573688415,0.5104486404928594,0
E0565,3.0,1.6031898283414343,0.7206264978291672,1.4620399490651217,63577628.85013617,1.608384384437045,0.7206530091046811,-0.2153082773656184,-0.0722088474458564,0.605395321547406,0
E0566,1.5,0.7884264038379001,0.4398690604133102,1.4240680770261795,2400452.6783282585,0.7947969393151451,0.4404807681313999,0.0938821425631382,0.0502267605176101,0.2425523984369677,0
E0566,1.75,0.9304532188289778,0.4972952538597163,1.4268090220727137,4677014.742245971,0.936243516997564,0.4976223261344097,0.0086084815965232,0.041532773986513,0.3290389743330896,0
E0566,2.0,1.0656034543950763,0.5501702588910768,1.4256516271528457,8442522.041818578,1.0761956055737325,0.5503612440009169,0.0589736404846736,0.0279520303619664,0.3671516614038127,0
E0566,2.25,1.2093932293529397,0.5987189209538297,1.4327422402514391,15190258.43231333,1.2127908156320912,0.598852329000761,-0.0202555317512095,0.0095995867356664,0.4546088303411836,0
E0566,2.5,1.3413475911356234,0.6432127973342229,1.4356457965902665,25203179.174717937,1.3441099956337896,0.6432697055436547,-0.1000370250437481,-0.0133603573688415,0.5104486404928594,0
E0566,3.0,1.574424841585421,0.7206489266643705,1.437181570998954,57701221.91803958,1.5829093690624263,0.7206530090888645,-0.2153082773656184,-0.0722088474458564,0.605395321547406,0
E0567,1.5,0.6115801556453773,0.4612103659350078,1.4358620318735222,967404.648638373,0.6186745041763368,0.4611085070665789,-0.1451334456732518,0.0851262925804356,0.2863384044845789,0
E0567,1.75,0.7281412549146362,0.5189612308926727,1.4404627641089736,1779562.3825169182,0.7318013293994727,0.5202280791087308,0.0170618200906578,0.0904287607216156,0.2382444423980929,0
E0567,2.0,0.8422244860876664,0.5738474535769232,1.439968297327818,3109129.8284757496,0.8463405985919574,0.5746593558287365,-0.0229089463767411,0.093076281977922,0.2551079557599472,0
E0567,2.25,0.9597130239138834,0.6242794424559382,1.4434859553679125,5333253.617133576,0.9616249338827924,0.6245868500252165,0.1181627736072665,0.0930622968319803,0.3035448050344512,0
E0567,2.5,1.0738972133796605,0.6699552307850645,1.443290369713197,8743026.735005531,1.0769399710368153,0.6702081869174419,0.1283230704177231,0.0903959705791963,0.2981123808806805,0
E0567,3.0,1.3029666359421754,0.7492905359111822,1.4462896043977946,21817333.19064717,1.3045755333199347,0.7493719303837707,0.1260550460430911,0.0772257334363339,0.3833706780902701,0
E0568,1.5,0.7241001288717319,0.4738349168438246,1.4901337656699167,1743567.310445826,0.7293263449844385,0.4749876168305054,-0.1451334456732518,0.0851262925804356,0.2863384044845789,0
E0568,1.75,0.8608822348704253,0.5357560971713491,1.4919811534427647,3394976.1037869183,0.8638757463970985,0.5361575744005556,0.0170618200906578,0.0904287607216156,0.2382444423980929,0
E0568,2.0,0.995686811098884,0.5920337802716229,1.490624695543281,6250931.735206305,0.9998148996285487,0.5923158183722423,-0.0229089463767411,0.093076281977922,0.2551079557599472,0
E0568,2.25,1.1319079513228163,0.6434986366573852,1.491599515489879,11123388.881172366,1.1360573808611023,0.6436070537440637,0.1181627736072665,0.0930622968319803,0.3035448050344512,0
E0568,2.5,1.267614047601397,0.6901018664472598,1.4925186935576629,19061660.41609777,1.2714397942821978,0.690207979649446,0.1283230704177231,0.0903959705791963,0.2981123808806805,0
E0568,3.0,1.5326556563477558,0.7701603727379616,1.494429157345613,50024041.11885644,1.5346217280562708,0.7701736748732083,0.1260550460430911,0.0772257334363339,0.3833706780902701,0
E0569,1.5,0.7259670806663063,0.4735839591053833,1.4577598464262744,1760115.681680097,0.7340614006662549,0.474987616219253,-0.1451334456732518,0.0851262925804356,0.2863384044845789,0
E0569,1.75,0.8619704479164063,0.5357661211945468,1.4620423431465164,3412343.767185069,0.866956211070447,0.5361575744199777,0.0170618200906578,0.0904287607216156,0.2382444423980929,0
E0569,2.0,0.9971494174302922,0.5921014027192173,1.463924223232652,6291031.155191398,1.0000410757327307,0.5923158182782511,-0.0229089463767411,0.093076281977922,0.2551079557599472,0
E0569,2.25,1.1250786201574456,0.6434794068516472,1.4613279227714322,10816200.72280567,1.132025147898685,0.6436070537121124,0.1181627736072665,0.0930622968319803,0.3035448050344512,0
E0569,2.5,1.2577723313478757,0.6901706115993229,1.463731631813606,18351564.62861786,1.261541918435615,0.6902079796492449,0.1283230704177231,0.0903959705791963,0.2981123808806805,0
E0569,3.0,1.5035630352921645,0.7701306753291965,1.4643286392715935,45225531.070585474,1.50739706594988,0.7701736748580063,0.1260550460430911,0.0772257334363339,0.3833706780902701,0
E0570,1.5,0.3896163831568702,0.3280688129948393,1.2392324806521513,265389.1321333102,0.3951152329359098,0.3306094176447952,0.2595401991339625,0.2382803129106045,0.1091477115818718,0
E0570,1.75,0.4527396340696281,0.3757961134031604,1.232336271669935,391089.70972562704,0.4606708696921766,0.3763709810938157,0.3287199003625862,0.2719419402341796,0.1056905746138834,0
E0570,2.0,0.5206809694661163,0.4215100241060473,1.2332442693808698,582821.2235980292,0.525376397120332,0.4231867431637155,0.3129134002809435,0.303601416446303,0.1279380744763617,0
E0570,2.25,0.5868264080472494,0.4667476351737714,1.234709399598802,845147.3995308861,0.5889283599466533,0.4679459088753862,0.2684815263510607,0.3331777910209199,0.2189584169941932,0
E0570,2.5,0.6467039337141636,0.5094791385042243,1.23033427825732,1167713.4628938024,0.6510199816336333,0.5105917031652258,0.5640386066532255,0.3605989408385386,0.192213800286031,0
E0570,3.0,0.7645897762902538,0.5891194986809856,1.22539143550039,2135161.7733062143,0.769569814358442,0.5894057453958079,0.639678959094546,0.4087395978465709,0.2228211277105296,0
E0571,1.5,0.4223085902510572,0.3725610819147757,1.225147828034011,325109.0861642471,0.4334731010354553,0.3745396159466156,0.1251970462183718,0.22733833606288,0.108795370019481,0
E0571,1.75,0.4986733204603977,0.4224208675470088,1.2326774460954746,513186.8430145611,0.5054899680698315,0.4237715303309386,0.3195073734271183,0.2588070657021113,0.1137507444091652,0
E0571,2.0,0.5692593662447762,0.4687933110150127,1.2315134514584438,766891.6132101048,0.5764641140736397,0.469719501950785,0.3037719019867957,0.2881904937972483,0.1397500671819868,0
E0571,2.25,0.6387917684864959,0.5119326541881,1.230521093087656,1119641.377647985,0.6460100643350379,0.5125543808683768,0.2666857388401662,0.3154170792690869,0.2203771541916852,0
E0571,2.5,0.7090094884112745,0.5519496986764039,1.2331599165060438,1614782.7407791945,0.7137402505915353,0.552441784492721,0.5557284147167356,0.3404248892893819,0.193401977568387,0
E0571,3.0,0.8373831189583252,0.6237615412237392,1.2320125647969404,3038532.9026081394,0.8421899600934786,0.6240097903232532,0.6351028415624189,0.383588321579468,0.2323506171463588,0
E0572,1.5,0.428471978104878,0.3718819490150451,1.203409102047741,337613.539929752,0.4378921394472932,0.3742383429093529,0.1251970462183718,0.22733833606288,0.108795370019481,0
E0572,1.75,0.5011367357306367,0.4218411723323169,1.2037174095852394,520596.43208309024,0.5094517962368232,0.4234477992374815,0.3195073734271183,0.2588070657021113,0.1137507444091652,0
E0572,2.0,0.5750053033257758,0.4682878057067254,1.2073208352196594,791750.3978394383,0.5794669227750755,0.4693791148439018,0.3037719019867957,0.2881904937972483,0.1397500671819868,0
E0572,2.25,0.6412348642750878,0.5118112697267407,1.2050105227820609,1134294.383028291,0.6474950141433047,0.5122024740311462,0.2666857388401662,0.3154170792690869,0.2203771541916852,0
E0572,2.5,0.711820110763804,0.5518726572189038,1.208714746906898,1638109.8822424358,0.7130949528751411,0.5520828690062782,0.5557284147167356,0.3404248892893819,0.193401977568387,0
E0572,3.0,0.827296236105524,0.623493249229218,1.2016201458958136,2895987.8043008274,0.8352567300237856,0.6236481581965525,0.6351028415624189,0.383588321579468,0.2323506171463588,0
E0589,1.0,0.4925040625787056,0.3516446239207497,1.354790542411197,495038.7799349663,0.5018332456325931,0.3544889687776393,0.204243611378724,0.2463067402221752,0.0701988967665104,0
E0589,1.25,0.6286704648832886,0.4230395645626358,1.3642289520589883,1060706.109583812,0.632255592368079,0.4248020821397696,0.2643039546003354,0.3026270868459277,0.1191754451104676,0
E0589,1.5,0.7574422617321648,0.4879369606202359,1.3645161215735633,2060845.9500326235,0.7618224973352214,0.4887126832940031,0.3667953929495198,0.3562035721409122,0.1256186649630072,0
E0589,1.75,0.8862604850826108,0.5463598281094617,1.3681705479417203,3821054.024245993,0.8889458838934414,0.5466601334999812,0.4784745280135296,0.4067549287381364,0.1256186649630072,0
E0589,2.0,1.0072879570080389,0.59875906046637,1.3681631381807655,6575311.837117188,1.0119817284971386,0.5990690681570967,0.4946919166518484,0.4540250089833411,0.1426507836265694,0
E0589,2.25,1.125539124800032,0.6462427580506793,1.371047917688805,10836675.798766237,1.1292589594083706,0.6463481621823549,0.6425474750268632,0.497784225304857,0.2221887946397561,0
E0589,2.5,1.237343814031311,0.6888139220890013,1.3745560989680212,16951922.78042309,1.239109974216428,0.6888891436512908,0.6770106624486001,0.5378302284899366,0.2221887946397561,0
E0595,1.0,0.6679725449686371,0.2866351649923518,1.661490992358716,1306117.3499279928,0.6758462953506701,0.2874287684521673,-0.0555792399549729,0.1096984798314002,0.2007740407086341,0
E0595,1.25,0.8691591217345476,0.3476308484191533,1.6669551182823543,3529063.329947618,0.8742492627488685,0.3481174317442659,0.0755926941437268,0.1255132403287397,0.1866461011189181,0
E0595,1.5,1.076629186134332,0.4046116180467888,1.6667227815532233,8844066.100924702,1.0820614753701192,0.4047691985084757,0.1281462799184292,0.1361310726627516,0.2341069400384332,0
E0595,1.75,1.2903542404742605,0.457530184109601,1.6694829962992628,20796241.361508444,1.2974674542825393,0.4575875256124909,0.0865403079131188,0.141364691513558,0.3062968880739886,0
E0595,2.0,1.508445759209434,0.5067386028741132,1.67070714888653,46001224.89648432,1.5182774181432572,0.5067691633776347,0.0711937204328507,0.1410829147821724,0.372604182145271,0
E0595,2.25,1.738563903544577,0.5524893113903152,1.6772491374241345,98963481.86212815,1.7419230628699758,0.5525041934718764,0.0303976931673686,0.1352136204080847,0.4240113281266273,0
E0595,2.5,1.9709034897942668,0.5949697728940593,1.683662472356552,201444759.8697907,1.965485704258862,0.5949760777952049,0.0817614422458383,0.1237438963882373,0.4497405394809053,0
E0599,1.0,0.6086205314058009,0.3314536553428693,1.6858027974398435,952007.483511385,0.617400442118565,0.337296132700565,0.06936423260818,0.1271428739226492,0.0803360464428467,0
E0599,1.25,0.7895623143611812,0.4052718504673983,1.687067133891858,2413792.818103674,0.7968310784593478,0.409619273367972,-0.0084904404724929,0.1540016402972206,0.1491182808871617,0
E0599,1.5,0.9787093122646842,0.4742066371200463,1.6873733549069512,5801756.274990988,0.9844829807889576,0.4769196183294132,-0.1137301085619753,0.1785547737562702,0.2477320920427064,0
E0599,1.75,1.174737074398568,0.5364273088586622,1.6885808992452285,13232277.455853457,1.17899215433222,0.5391997239623811,0.0616348585682602,0.2006543022834428,0.2100736313485104,0
E0599,2.0,1.3694160495090628,0.5939006205233275,1.68476487894205,27965841.695772838,1.3787222044331306,0.5965154584728725,0.0293085661929646,0.2201660809458534,0.2194853658850005,0
E0599,2.25,1.5764536409365997,0.6476390749351879,1.6875576960737748,58099324.32250613,1.581765085734948,0.648968926821046,0.1764241702505713,0.2369692339694982,0.2672757452088942,0
E0599,2.5,1.7798753150269273,0.6956195851703935,1.6872504511365576,112779453.67308336,1.7859468828860137,0.6967017111509068,0.2005256277477993,0.2509595040970127,0.2625398882706421,0
E0592,1.0,0.3756716532823736,0.2345222385188272,1.4654575767954754,243025.65430097724,0.3896104513398064,0.238173326070371,0.1945682410662232,0.2242881985206481,0.0507590335530588,0
E0592,1.25,0.4820196553715563,0.2879111885022746,1.467564917666352,465497.24866522994,0.4942268017726521,0.2900573859614448,0.2448240290809717,0.2791978630432303,0.0651603212727509,0
E0592,1.5,0.589824132665723,0.3374774727308749,1.4679586993692415,859185.0688238093,0.6007744517245179,0.3390919093747232,0.2981919480118886,0.3333133992897377,0.1035688426017441,0
E0592,1.75,0.7002597463058837,0.3846570012960866,1.4697827227995572,1544034.62497847,0.7086841878690953,0.3853837148968575,0.3706143635287258,0.3864745802719556,0.1017441933356948,0
E0592,2.0,0.8081559306988477,0.4286180570726741,1.4671966049718144,2641688.855465036,0.8173389054673523,0.4290390178230128,0.3883144076313947,0.4385247146918096,0.1299731615742521,0
E0592,2.25,0.9140410380952292,0.4699208515770159,1.46419245419271,4341142.079625959,0.9260777302981068,0.4701631653306629,0.6539702666715987,0.4893116657832053,0.168503598278953,0
E0592,2.5,1.0245560325773653,0.5085628611208239,1.4660421369479284,7085762.267268908,1.0342009742331313,0.5088604007696046,0.5934804710441544,0.5386877465091069,0.1902695945859693,0
E0603,1.0,0.401110766907282,0.24947424270271734,1.5070809562915057,285173.32864969136,0.4186189616940137,0.25650718440935616,0.1002427089688509,0.03748519319917465,0.06635525040131807,0
E0603,1.5,0.6461308530673506,0.36510659421835456,1.5261813087361782,1164171.2013363885,0.6518668409750334,0.367930622518144,0.07658643208726068,0.03342381345932588,0.23736595143645167,0
E0603,1.75,0.7644794446922203,0.4186386166490894,1.5215445987680918,2133996.8157647294,0.7727428213775738,0.4193477409401425,0.049955054358115314,0.02582593532558608,0.2746269705523722,0
E0603,2.0,0.8906351961902537,0.4675239819111022,1.5236954299913086,3899100.603823014,0.8956055979898876,0.4679150387753943,0.025150061091824938,0.014646879021352532,0.2645040838181435,0
E0603,2.25,1.0111026851081961,0.5135063523741057,1.520639091759639,6685184.460230988,1.0197364941802167,0.513661467877059,0.2235810573250614,1.8814747436479706e-05,0.3327667729054067,0
E0603,2.5,1.1370009424561114,0.5565254016634249,1.5222607730344806,11357478.249450361,1.1443557992221516,0.5566296326444364,0.16081914162744604,-0.017901061958777498,0.34104575911918833,0
E0603,3.0,1.3849332704597201,0.634426466119582,1.5226153699404963,29605453.46630392,1.391670629356859,0.6344618567588733,0.1320873456848457,-0.0628727024341782,0.38133249219077114,0
E0604,1.0,0.4749071456790077,0.25785634348485764,1.5949436433042286,446355.90914055594,0.4843300018076597,0.2616034386581111,0.14477133208382065,0.18671346848828896,0.051339058338236376,0
E0604,1.5,0.7537061245335317,0.373304707279537,1.593457968390895,2022918.8083287657,0.7614168953673683,0.37400350266865146,0.27587245796021986,0.27145157568938516,0.12719953478788804,0
E0604,1.75,0.8981458755874754,0.42516780283447175,1.5928550935602659,4036390.5856926404,0.9064832246222132,0.42559196015515355,0.3832398807973154,0.31094617916308476,0.13306908487319757,0
E0604,2.0,1.0489921490605871,0.474008536295743,1.5951098784715245,7868014.675042587,1.0547436558458418,0.4741503195152317,0.40326791373402027,0.34827426622668045,0.15386649883578085,0
E0604,2.25,1.198470810267339,0.5196412373084045,1.5942323634855509,14547192.284943901,1.2051893960064142,0.5197307994240622,0.28395034370560923,0.383263370967756,0.20267569294719634,0
E0604,2.5,1.3509708909862423,0.5623655377585255,1.5946866969059772,26121824.435993407,1.3567038312445172,0.5623988318262957,0.3189440086036128,0.41575394607443683,0.20724057211974967,0
E0604,3.0,1.6510653794263903,0.6392956476737424,1.5937126492829123,74539259.78149779,1.6579815190467486,0.6393156137170429,0.5817023704244668,0.47267157626130096,0.22829626652300317,0
E0605,1.0,0.5177216228124553,0.2971512332833477,1.5534926140652845,572995.6633780653,0.5248080865264584,0.30113273802674567,0.05617196123954482,0.008130453407175109,0.07575223846290557,0
E0605,1.5,0.8212368877468326,0.42339259141299124,1.556462923625461,2813235.0055746147,0.8230795061800871,0.42422538715748137,-0.11875699221175606,-0.00914963015448056,0.2664817450373662,0
E0605,1.75,0.9742426731216252,0.48056069656847056,1.5548829830282156,5688437.757794783,0.9776598771402569,0.48346127678639284,0.03305872297452894,-0.022907699355668942,0.27872158871018393,0
E0605,2.0,1.1311313800971603,0.5358633831470806,1.5556874390246265,11088073.261560153,1.1340591366262185,0.5392486901120148,0.06613364087483165,-0.03991194116537122,0.26078232552061964,0
E0605,2.25,1.2953288778509422,0.5880529654548922,1.5615565914219975,21193816.42799878,1.2907084812891454,0.5913906398788742,-0.02428128195931578,-0.060003304774334354,0.40404032837696846,0
E0605,2.5,1.4441242623287263,0.6374547667996351,1.559273143666587,36669249.98022152,1.4458818027749016,0.6398826188318479,0.17519739344384333,-0.08299743790277048,0.3834638059666504,0
E0605,3.0,1.739623792301027,0.724607953749677,1.5605207885571455,99298285.39395827,1.7441768818927623,0.7260622631412444,0.18620606047871302,-0.13684465441957905,0.38529689837331704,0
E0606,1.0,0.5486869511854988,0.2939892351487342,1.654010810307806,683457.4693928831,0.5563613546466772,0.2968312891410455,0.16537610756152166,0.19250582214177103,0.06986638444293869,0
E0606,1.5,0.8732548847759829,0.41838755239040903,1.6517808753261642,3597133.345442063,0.8802003031701782,0.4188571236266668,0.2968138444539481,0.27260417464568976,0.11554239021817159,0
E0606,1.75,1.0427367902224605,0.4734585200191339,1.6509465566758093,7660816.091971697,1.050737898387633,0.4736496245724713,0.2489597743873071,0.30760795956866027,0.12068704316832601,0
E0606,2.0,1.2184854894823847,0.524368452138765,1.6513106232492816,15744637.722231247,1.225522055353347,0.5244805041793151,0.473914934064835,0.33892506181600845,0.12957965774656277,0
E0606,2.25,1.3979773872934191,0.5714641975416093,1.653173743621425,31049004.9848865,1.403233205592327,0.5715030653536057,0.4394211785949502,0.36634601811844103,0.2376710819098522,0
E0606,2.5,1.57951376641032,0.6148546831088528,1.6546603607215136,58704400.4480076,1.5824065714580846,0.6148794461891052,0.4864441960486179,0.38969022257652997,0.24370069635868985,0
E0606,3.0,1.93483996532962,0.6913696367634156,1.6545180025610184,181075710.10401425,1.9386278096861913,0.6913742347246561,0.529558891073149,0.42357274042954773,0.32706632818780845,0
