lev,median_month_inr,pct_months_1L,max_dd,p_ruin,p_dd50,cagr,liq_withdraw,median_ret_lotfree,within_limits
0.25,0.0,0.0,0.13224089266791472,0.0,0.0,0.07547147032932533,0,0.004238163963904849,True
0.5,0.0,0.0,0.2804755592233057,0.0,0.0,0.13955782861132993,0,0.008476330224163647,True
0.75,5.662167190487393,0.0,0.4139760609916717,0.0,0.0106,0.2170990058749125,0,0.012714496484422654,True
1.0,160.74475130301752,0.0,0.5218057749497353,0.0,0.0666,0.27541663711215025,0,0.016952662744681036,False
1.5,239.31966527172827,0.0,0.7014748856647608,0.0002,0.3526,0.34806189812850685,0,0.024853267393297844,False
2.0,205.983110352095,0.0,0.870383221661918,0.0094,0.6444,0.3646097732569389,0,0.023102843233355087,False
3.0,63.07204999142016,0.0,1.0,0.1204,0.1508,-1.0,4,0.006254486198089634,False
5.0,0.0,0.0,1.0,0.1232,0.1232,-1.0,8,0.0,False
7.0,0.0,0.010752688172043012,1.0,0.1232,0.1232,-1.0,10,0.0,False
10.0,0.0,0.010752688172043012,1.0,0.1236,0.1328,-1.0,17,0.0,False
15.0,-2832.5534111740935,0.010752688172043012,1.0,0.1246,0.1246,-1.0,34,-0.2843783350518022,False
20.0,-9478.556841388701,0.010752688172043012,1.0,0.1246,0.1246,-1.0,47,-0.9478556841388701,False
