ret,cagr,dd,sharpe,id,mult,lotfree,period,liq
16.198328461436375,0.44475795755706304,0.37365586774782356,1.2374909917091517,E0528,1.0,False,dev,0
17.05965232525392,0.4539184597437689,0.37728217682532605,1.24135394597224,E0528,1.0,True,dev,0
50.69491934677947,0.6657645251925806,0.5150119207213213,1.2424874023904815,E0528,1.5,False,dev,0
52.62883051906541,0.6736961117474898,0.5158850224912728,1.2460858710182716,E0528,1.5,True,dev,0
123.62352493831462,0.8665530464966913,0.6271948402540539,1.2481819253365676,E0528,2.0,False,dev,0
126.60319870916372,0.8722659575119363,0.6275869082067468,1.2502070283894802,E0528,2.0,True,dev,0
0.16984636959989818,0.17098442267028546,0.08865223570448877,1.1559624955748011,E0528,1.0,False,lockbox,0
0.1358621435985088,0.1367593967960059,0.16975243893344283,0.6153848554672258,E0528,1.0,True,lockbox,0
0.3055732096303152,0.3077327678692461,0.12889135517479855,1.0069449210108345,E0528,1.5,False,lockbox,0
0.18015143213594964,0.1813637292252015,0.24942690722034844,0.613845671975464,E0528,1.5,True,lockbox,0
0.3147663579287814,0.3169984009278466,0.2265256519890636,0.877730304203259,E0528,2.0,False,lockbox,0
0.2081166338089797,0.20953322645593553,0.32743472976862076,0.6118689005276569,E0528,2.0,True,lockbox,0
37.866337182728735,0.6054322538532517,0.30999970323194614,1.532401075631284,E0543,1.0,False,dev,0
39.87126711454447,0.6159104977301948,0.31249195413972264,1.5302560870905122,E0543,1.0,True,dev,0
184.09529703135368,0.9645359161939415,0.44028788238851313,1.5413177884167073,E0543,1.5,False,dev,0
186.94691239154272,0.9684244545866838,0.44048076843181627,1.5381600626315213,E0543,1.5,True,dev,0
695.7822271462621,1.3319539644198293,0.5502014520820122,1.5495606169108604,E0543,2.0,False,dev,0
696.1605635588033,1.332117692793605,0.550361244049145,1.5456387687576003,E0543,2.0,True,dev,0
-0.09659030893195175,-0.09715893714897195,0.21519218611512314,-0.5674536108167046,E0543,1.0,False,lockbox,0
0.0527586575061616,0.05309420608958515,0.24536024954738245,0.3386900294421549,E0543,1.0,True,lockbox,0
0.0938821425631382,0.09449072475180054,0.24255239843696774,0.45386886599238424,E0543,1.5,False,lockbox,0
0.0502267605176101,0.05054582253409623,0.35412995127362834,0.3411624332651276,E0543,1.5,True,lockbox,0
0.058973640484673684,0.05934981911410131,0.3671516614038127,0.35608973952974826,E0543,2.0,False,lockbox,0
0.027952030361966473,0.028127700939982736,0.4532172075729962,0.3434580100332979,E0543,2.0,True,lockbox,0
42.89093647650613,0.630876895760873,0.49060873281142614,1.2529544406717774,E0449,1.0,False,dev,0
44.15890288672914,0.6368952919605753,0.49513706795985923,1.2504887331789176,E0449,1.0,True,dev,0
170.12310497104295,0.9446939786437587,0.6775646841002241,1.2719660781768583,E0449,1.5,False,dev,0
169.7738770408461,0.9441802151077068,0.6786457907673624,1.2671939152700482,E0449,1.5,True,dev,0
452.9848738322371,1.2062561668737612,0.8255677033618622,1.2851834066711214,E0449,2.0,False,dev,0
450.2395264015867,1.204526017839111,0.8259034438597503,1.2828095253696687,E0449,2.0,True,dev,0
-0.2452399791152996,-0.2465550872099629,0.37818342883006095,-0.7209989121999429,E0449,1.0,False,lockbox,0
-0.38182805897713334,-0.38366829179630957,0.5634678054019295,-0.8425399182789975,E0449,1.0,True,lockbox,0
-0.44003863757247574,-0.44204771849018465,0.5757816522858312,-0.9625110479124303,E0449,1.5,False,lockbox,0
-0.5485976261643478,-0.5508176267682239,0.7288156510848796,-0.8171382747596441,E0449,1.5,True,lockbox,0
-0.5270095064847734,-0.5291993709244627,0.6794903712071217,-0.8212250320815777,E0449,2.0,False,lockbox,0
-0.6879920677494811,-0.6902364603191786,0.8394539219710571,-0.7846273041514514,E0449,2.0,True,lockbox,0
