id,k,sr_daily
E0001,0,0.039001
E0002,0,-0.003248
E0003,0,-0.028407
E0004,0,-0.014733
E0005,0,0.026839
E0006,0,-0.006302
E0007,0,0.027962
E0007,1,0.039051
E0007,2,0.043406
E0007,3,0.026797
E0007,4,0.035020
E0007,5,0.034176
E0007,6,0.029732
E0007,7,0.029791
E0007,8,0.028913
E0007,9,0.024933
E0007,10,0.028472
E0007,11,0.024948
E0008,0,0.015566
E0008,1,0.033442
E0008,2,0.044860
E0008,3,0.015218
E0008,4,0.026294
E0008,5,0.025861
E0008,6,-0.026128
E0008,7,0.020315
E0008,8,0.016880
E0008,9,0.010570
E0008,10,0.006856
E0008,11,-0.026536
